Time,Distance,RPM
0.000,0.000,6491.209961
0.100,0.004,6492.990234
0.200,0.009,6540.060059
0.300,0.013,6546.000000
0.400,0.018,6546.000000
0.500,0.022,6020.899902
0.600,0.027,5699.680176
0.700,0.032,5479.319824
0.800,0.036,5428.720215
0.900,0.041,5425.000000
1.000,0.046,5463.720215
1.100,0.050,5526.200195
1.200,0.055,5522.560059
1.300,0.060,5590.520020
1.400,0.065,5588.560059
1.500,0.070,5609.879883
1.600,0.074,5655.240234
1.700,0.079,5690.919922
1.800,0.084,5682.680176
1.900,0.089,5780.439941
2.000,0.094,5750.000000
2.100,0.099,5762.479980
2.200,0.104,5937.259766
2.300,0.109,5809.879883
2.400,0.114,5855.729980
2.500,0.119,5918.200195
2.600,0.124,5939.049805
2.700,0.130,5934.040039
2.800,0.135,5992.160156
2.900,0.140,5987.950195
3.000,0.145,6006.009766
3.100,0.150,6042.930176
3.200,0.156,6048.000000
3.300,0.161,6166.319824
3.400,0.166,6038.709961
3.500,0.172,6126.620117
3.600,0.177,6361.370117
3.700,0.182,6157.500000
3.800,0.188,6160.279785
3.900,0.193,6296.000000
4.000,0.199,6223.259766
4.100,0.204,6251.000000
4.200,0.210,6294.120117
4.300,0.215,6285.379883
4.400,0.221,6319.120117
4.500,0.226,6377.459961
4.600,0.232,6461.680176
4.700,0.237,6390.580078
4.800,0.243,6407.100098
4.900,0.249,6180.660156
5.000,0.254,6307.259766
5.100,0.260,6074.279785
5.200,0.266,5897.700195
5.300,0.271,5733.750000
5.400,0.277,5645.250000
5.500,0.283,5662.899902
5.600,0.288,5372.200195
5.700,0.294,5479.799805
5.800,0.299,5272.549805
5.900,0.305,5124.750000
6.000,0.310,5758.799805
6.100,0.315,5861.250000
6.200,0.320,5853.049805
6.300,0.325,5597.850098
6.400,0.330,5514.750000
6.500,0.335,5546.250000
6.600,0.339,5205.240234
6.700,0.344,5411.160156
6.800,0.348,5441.160156
6.900,0.352,5379.879883
7.000,0.357,5384.120117
7.100,0.361,5241.680176
7.200,0.365,5179.560059
7.300,0.369,5183.080078
7.400,0.373,5190.040039
7.500,0.377,5166.640137
7.600,0.381,5128.399902
7.700,0.385,5094.279785
7.800,0.389,5047.839844
7.900,0.393,5008.080078
8.000,0.396,4984.359863
8.100,0.400,4932.859863
8.200,0.404,4888.970215
8.300,0.408,4857.100098
8.400,0.411,4818.799805
8.500,0.415,4783.779785
8.600,0.419,4741.479980
8.700,0.422,4790.439941
8.800,0.426,4847.649902
8.900,0.429,4795.580078
9.000,0.433,4790.470215
9.100,0.437,4796.149902
9.200,0.440,4789.529785
9.300,0.443,4783.850098
9.400,0.447,4778.850098
9.500,0.450,4797.680176
9.600,0.454,4814.299805
9.700,0.457,4858.000000
9.800,0.461,4892.419922
9.900,0.464,4927.520020
10.000,0.468,4968.439941
10.100,0.471,4958.779785
10.200,0.475,5011.580078
10.300,0.478,5019.080078
10.400,0.481,5054.080078
10.500,0.485,5102.180176
10.600,0.489,5129.859863
10.700,0.492,5175.819824
10.800,0.496,5242.399902
10.900,0.499,5323.060059
11.000,0.503,5303.979980
11.100,0.507,5359.990234
11.200,0.510,5370.140137
11.300,0.514,5403.830078
11.400,0.518,5473.560059
11.500,0.522,5457.220215
11.600,0.525,5486.450195
11.700,0.529,5590.580078
11.800,0.533,5673.750000
11.900,0.537,5716.350098
12.000,0.541,5700.319824
12.100,0.545,5746.029785
12.200,0.549,5781.490234
12.300,0.553,5804.009766
12.400,0.557,5867.129883
12.500,0.561,5922.600098
12.600,0.565,5933.000000
12.700,0.570,6025.000000
12.800,0.574,6092.000000
12.900,0.578,6059.000000
13.000,0.582,6339.200195
13.100,0.587,6052.799805
13.200,0.591,5704.600098
13.300,0.596,5037.600098
13.400,0.600,4983.799805
13.500,0.604,5028.799805
13.600,0.609,5047.600098
13.700,0.613,5059.799805
13.800,0.618,5070.799805
13.900,0.622,5099.069824
14.000,0.626,5101.259766
14.100,0.631,5113.430176
14.200,0.635,5060.120117
14.300,0.640,5019.720215
14.400,0.644,5034.330078
14.500,0.649,5022.620117
14.600,0.653,5001.410156
14.700,0.658,5018.330078
14.800,0.662,5006.620117
14.900,0.667,5002.000000
15.000,0.671,4998.049805
15.100,0.676,4988.310059
15.200,0.680,4982.049805
15.300,0.684,4960.459961
15.400,0.689,4955.000000
15.500,0.693,4955.000000
15.600,0.698,4958.899902
15.700,0.702,4963.899902
15.800,0.706,5006.339844
15.900,0.711,5043.740234
16.000,0.715,5046.319824
16.100,0.720,5053.580078
16.200,0.724,5056.000000
16.300,0.728,4865.680176
16.400,0.733,4890.779785
16.500,0.737,4818.620117
16.600,0.742,4769.379883
16.700,0.746,4653.020020
16.800,0.751,4622.000000
16.900,0.755,5095.549805
17.000,0.759,5277.810059
17.100,0.764,5152.169922
17.200,0.768,5027.069824
17.300,0.772,4814.120117
17.400,0.776,4534.700195
17.500,0.780,4394.080078
17.600,0.784,5088.100098
17.700,0.788,5593.830078
17.800,0.792,5532.390137
17.900,0.795,5405.609863
18.000,0.799,5352.509766
18.100,0.803,5239.279785
18.200,0.806,5061.700195
18.300,0.809,4865.240234
18.400,0.813,4882.359863
18.500,0.816,4864.240234
18.600,0.819,4773.720215
18.700,0.822,4726.959961
18.800,0.825,4691.120117
18.900,0.827,4592.319824
19.000,0.830,4402.879883
19.100,0.833,4345.919922
19.200,0.835,4292.319824
19.300,0.838,4291.200195
19.400,0.840,4257.240234
19.500,0.843,4347.600098
19.600,0.845,4367.839844
19.700,0.847,4401.240234
19.800,0.850,4407.000000
19.900,0.852,4396.000000
20.000,0.854,4507.750000
20.100,0.856,4400.500000
20.200,0.859,4370.000000
20.300,0.861,4397.750000
20.400,0.863,4383.250000
20.500,0.866,4382.000000
20.600,0.868,4424.500000
20.700,0.870,4438.000000
20.800,0.872,4426.000000
20.900,0.875,4440.750000
21.000,0.877,4524.250000
21.100,0.879,4560.500000
21.200,0.882,4600.259766
21.300,0.884,4633.720215
21.400,0.886,4643.959961
21.500,0.888,4693.839844
21.600,0.891,4789.439941
21.700,0.893,4805.899902
21.800,0.896,4853.799805
21.900,0.898,4917.879883
22.000,0.900,4996.160156
22.100,0.903,5070.540039
22.200,0.905,5172.620117
22.300,0.908,5262.680176
22.400,0.910,5388.339844
22.500,0.913,5476.799805
22.600,0.915,5543.100098
22.700,0.918,5584.089844
22.800,0.921,5617.819824
22.900,0.924,5681.750000
23.000,0.926,5816.609863
23.100,0.929,5826.879883
23.200,0.932,5896.029785
23.300,0.935,6066.890137
23.400,0.938,6078.850098
23.500,0.941,6181.529785
23.600,0.944,6188.500000
23.700,0.947,6211.500000
23.800,0.950,5894.310059
23.900,0.953,5411.379883
24.000,0.957,4860.439941
24.100,0.960,4719.870117
24.200,0.963,4755.959961
24.300,0.966,4803.279785
24.400,0.970,4875.319824
24.500,0.973,4920.319824
24.600,0.976,4958.520020
24.700,0.980,5024.000000
24.800,0.983,5065.160156
24.900,0.987,5088.839844
25.000,0.990,5138.919922
25.100,0.994,5172.560059
25.200,0.997,5237.319824
25.300,1.001,5285.919922
25.400,1.005,5321.919922
25.500,1.008,5385.279785
25.600,1.012,5423.750000
25.700,1.016,5448.750000
25.800,1.019,5460.970215
25.900,1.023,5472.229980
26.000,1.027,5480.259766
26.100,1.031,5532.410156
26.200,1.034,5591.339844
26.300,1.038,5607.000000
26.400,1.042,5679.419922
26.500,1.046,5748.759766
26.600,1.050,5760.029785
26.700,1.054,5803.439941
26.800,1.058,5837.620117
26.900,1.062,5917.839844
27.000,1.066,5980.660156
27.100,1.070,5961.799805
27.200,1.075,5953.600098
27.300,1.079,5960.899902
27.400,1.083,6061.000000
27.500,1.087,6064.500000
27.600,1.091,6064.100098
27.700,1.096,6155.700195
27.800,1.100,6157.700195
27.900,1.104,6159.799805
28.000,1.109,6272.000000
28.100,1.113,6298.799805
28.200,1.117,6273.500000
28.300,1.122,6277.899902
28.400,1.126,5871.399902
28.500,1.131,5530.089844
28.600,1.135,5199.319824
28.700,1.140,5106.770020
28.800,1.144,5124.589844
28.900,1.149,5147.319824
29.000,1.153,5187.740234
29.100,1.158,5213.729980
29.200,1.162,5227.279785
29.300,1.167,5247.560059
29.400,1.171,5279.149902
29.500,1.176,5294.140137
29.600,1.180,5324.979980
29.700,1.185,5351.109863
29.800,1.190,5373.560059
29.900,1.194,5402.390137
30.000,1.199,5441.919922
30.100,1.204,5443.080078
30.200,1.208,5467.600098
30.300,1.213,5477.919922
30.400,1.218,5510.680176
30.500,1.223,5585.479980
30.600,1.228,5559.279785
30.700,1.232,5560.520020
30.800,1.237,5655.959961
30.900,1.242,5625.640137
31.000,1.247,5629.720215
31.100,1.252,5674.879883
31.200,1.257,5692.759766
31.300,1.262,5699.759766
31.400,1.267,5808.759766
31.500,1.272,5781.950195
31.600,1.277,5782.189941
31.700,1.282,5839.859863
31.800,1.287,5859.000000
31.900,1.292,5883.790039
32.000,1.297,5916.100098
32.100,1.303,5900.540039
32.200,1.308,5948.299805
32.300,1.313,5978.000000
32.400,1.318,5978.000000
32.500,1.324,6004.129883
32.600,1.329,6037.770020
32.700,1.334,6063.410156
32.800,1.339,6087.080078
32.900,1.345,6116.120117
33.000,1.350,6153.399902
33.100,1.355,6145.879883
33.200,1.361,6161.399902
33.300,1.366,6153.879883
33.400,1.372,5847.319824
33.500,1.377,5431.660156
33.600,1.383,5261.020020
33.700,1.388,5200.759766
33.800,1.394,5119.600098
33.900,1.399,5114.740234
34.000,1.405,5135.259766
34.100,1.410,5154.180176
34.200,1.416,5184.439941
34.300,1.421,5180.819824
34.400,1.427,5184.700195
34.500,1.432,5198.149902
34.600,1.438,5213.049805
34.700,1.443,5215.750000
34.800,1.449,5228.950195
34.900,1.454,5214.250000
35.000,1.460,5220.850098
35.100,1.465,5234.899902
35.200,1.471,5244.799805
35.300,1.477,5291.250000
35.400,1.482,5275.649902
35.500,1.488,5262.149902
35.600,1.493,5269.899902
35.700,1.499,5323.350098
35.800,1.505,5311.959961
35.900,1.510,5297.680176
36.000,1.516,5413.359863
36.100,1.522,5372.319824
36.200,1.527,5333.200195
36.300,1.533,5408.000000
36.400,1.539,5388.319824
36.500,1.544,5364.680176
36.600,1.550,5380.520020
36.700,1.556,5375.479980
36.800,1.562,5396.520020
36.900,1.567,5400.479980
37.000,1.573,5417.680176
37.100,1.579,5471.959961
37.200,1.585,5430.359863
37.300,1.591,5417.310059
37.400,1.596,5454.939941
37.500,1.602,5477.189941
37.600,1.608,5473.810059
37.700,1.614,5485.379883
37.800,1.620,5523.350098
37.900,1.626,5536.220215
38.000,1.632,5534.000000
38.100,1.638,5534.000000
38.200,1.644,5592.589844
38.300,1.650,5572.189941
38.400,1.655,5573.390137
38.500,1.661,5610.009766
38.600,1.667,5611.810059
38.700,1.674,5610.779785
38.800,1.680,5638.419922
38.900,1.686,5632.919922
39.000,1.692,5641.080078
39.100,1.698,5658.339844
39.200,1.704,5682.080078
39.300,1.710,5673.919922
39.400,1.716,5677.740234
39.500,1.722,5718.379883
39.600,1.728,5719.640137
39.700,1.734,5730.700195
39.800,1.741,5744.000000
39.900,1.747,5739.660156
40.000,1.753,5768.000000
40.100,1.759,5777.700195
40.200,1.765,5807.379883
40.300,1.772,5812.310059
40.400,1.778,5801.000000
40.500,1.784,5805.270020
40.600,1.790,5834.839844
40.700,1.797,5838.580078
40.800,1.803,5847.689941
40.900,1.809,5854.729980
41.000,1.816,5873.959961
41.100,1.822,5874.580078
41.200,1.828,5888.569824
41.300,1.835,5912.149902
41.400,1.841,5922.879883
41.500,1.847,5944.299805
41.600,1.854,6017.000000
41.700,1.860,5978.000000
41.800,1.866,5935.000000
41.900,1.873,5963.200195
42.000,1.879,5973.799805
42.100,1.886,5971.000000
42.200,1.892,6003.399902
42.300,1.899,5996.799805
42.400,1.905,6029.600098
42.500,1.912,6008.200195
42.600,1.918,6007.600098
42.700,1.925,6055.399902
42.800,1.931,6043.399902
42.900,1.938,5947.600098
43.000,1.944,5804.799805
43.100,1.951,5519.000000
43.200,1.957,5416.790039
43.300,1.964,5366.220215
43.400,1.970,5218.319824
43.500,1.977,4982.540039
43.600,1.983,4664.939941
43.700,1.989,4878.459961
43.800,1.996,5029.370117
43.900,2.002,4831.660156
44.000,2.008,4753.160156
44.100,2.014,4706.950195
44.200,2.020,4643.810059
44.300,2.026,5228.799805
44.400,2.032,5475.899902
44.500,2.037,5185.899902
44.600,2.043,4989.859863
44.700,2.048,5056.379883
44.800,2.053,5145.000000
44.900,2.059,4957.660156
45.000,2.064,4762.839844
45.100,2.069,5211.259766
45.200,2.073,5379.080078
45.300,2.078,5054.500000
45.400,2.083,4842.600098
45.500,2.087,4751.459961
45.600,2.091,5461.020020
45.700,2.096,5836.819824
45.800,2.100,5605.839844
45.900,2.104,5638.160156
46.000,2.108,5818.700195
46.100,2.112,5850.379883
46.200,2.115,5822.000000
46.300,2.119,5749.609863
46.400,2.123,5648.259766
46.500,2.126,5567.970215
46.600,2.130,5507.779785
46.700,2.133,5341.509766
46.800,2.136,5026.370117
46.900,2.139,4675.919922
47.000,2.142,4319.379883
47.100,2.145,3970.479980
47.200,2.148,3665.830078
47.300,2.151,3480.020020
47.400,2.154,3575.780029
47.500,2.157,3678.280029
47.600,2.160,3646.120117
47.700,2.162,3609.320068
47.800,2.165,3620.520020
47.900,2.168,3623.320068
48.000,2.170,3575.719971
48.100,2.173,3537.360107
48.200,2.176,3545.800049
48.300,2.178,3580.280029
48.400,2.181,3623.879883
48.500,2.183,3608.600098
48.600,2.186,3601.840088
48.700,2.188,3596.040039
48.800,2.191,3606.000000
48.900,2.194,3615.120117
49.000,2.196,3611.050049
49.100,2.199,3620.949951
49.200,2.201,3626.649902
49.300,2.204,3635.699951
49.400,2.206,3643.649902
49.500,2.209,3646.100098
49.600,2.211,3659.649902
49.700,2.214,3666.699951
49.800,2.217,3683.250000
49.900,2.219,3717.149902
50.000,2.222,3735.300049
50.100,2.224,3783.100098
50.200,2.227,3814.500000
50.300,2.230,3823.750000
50.400,2.232,3875.699951
50.500,2.235,3937.620117
50.600,2.238,3971.179932
50.700,2.240,4010.320068
50.800,2.243,4046.179932
50.900,2.246,4065.879883
51.000,2.249,4079.780029
51.100,2.251,4071.120117
51.200,2.254,4088.000000
51.300,2.257,4097.500000
51.400,2.260,4115.160156
51.500,2.263,4150.259766
51.600,2.266,4205.439941
51.700,2.268,4226.640137
51.800,2.271,4256.899902
51.900,2.274,4302.359863
52.000,2.277,4337.680176
52.100,2.280,4383.609863
52.200,2.283,4410.009766
52.300,2.286,4442.379883
52.400,2.289,4502.689941
52.500,2.292,4558.200195
52.600,2.295,4610.919922
52.700,2.299,4653.189941
52.800,2.302,4680.959961
52.900,2.305,4691.229980
53.000,2.308,4735.229980
53.100,2.311,4790.720215
53.200,2.315,4812.600098
53.300,2.318,4867.580078
53.400,2.321,4918.919922
53.500,2.325,4956.040039
53.600,2.328,5008.560059
53.700,2.331,5034.000000
53.800,2.335,5060.000000
53.900,2.338,5118.839844
54.000,2.342,5186.359863
54.100,2.345,5252.799805
54.200,2.349,5315.200195
54.300,2.353,5319.040039
54.400,2.356,5314.720215
54.500,2.360,5373.600098
54.600,2.364,5402.640137
54.700,2.367,5529.200195
54.800,2.371,5471.419922
54.900,2.375,5413.810059
55.000,2.379,5533.629883
55.100,2.383,5540.000000
55.200,2.387,5626.189941
55.300,2.390,5684.520020
55.400,2.394,5681.910156
55.500,2.398,5741.270020
55.600,2.402,5827.450195
55.700,2.406,5855.129883
55.800,2.410,5882.390137
55.900,2.414,5941.299805
56.000,2.419,5956.000000
56.100,2.423,5998.839844
56.200,2.427,6088.450195
56.300,2.431,6083.500000
56.400,2.436,6087.500000
56.500,2.440,6159.000000
56.600,2.444,6195.500000
56.700,2.449,6224.500000
56.800,2.453,6254.000000
56.900,2.457,6300.000000
57.000,2.462,6081.000000
57.100,2.466,5715.000000
57.200,2.471,5344.000000
57.300,2.475,5151.500000
57.400,2.480,5237.000000
57.500,2.485,5254.500000
57.600,2.489,5257.500000
57.700,2.494,5290.000000
57.800,2.498,5322.700195
57.900,2.503,5356.129883
58.000,2.508,5411.750000
58.100,2.512,5425.500000
58.200,2.517,5440.180176
58.300,2.522,5472.689941
58.400,2.527,5491.419922
58.500,2.531,5527.370117
58.600,2.536,5534.000000
58.700,2.541,5556.540039
58.800,2.546,5599.600098
58.900,2.551,5626.859863
59.000,2.556,5650.660156
59.100,2.561,5691.520020
59.200,2.566,5514.399902
59.300,2.571,5445.279785
59.400,2.576,5435.160156
59.500,2.581,5249.000000
59.600,2.586,5182.759766
59.700,2.591,5111.000000
59.800,2.596,5512.759766
59.900,2.601,5877.439941
60.000,2.606,5663.240234
60.100,2.610,5471.279785
60.200,2.615,5217.160156
60.300,2.620,4976.640137
60.400,2.624,4886.560059
60.500,2.629,4823.799805
60.600,2.633,5003.759766
60.700,2.637,5358.069824
60.800,2.641,5452.839844
60.900,2.645,5332.000000
61.000,2.649,5435.870117
61.100,2.652,5553.000000
61.200,2.656,5507.410156
61.300,2.660,5333.799805
61.400,2.663,5172.029785
61.500,2.666,5232.890137
61.600,2.670,5309.439941
61.700,2.673,5161.799805
61.800,2.676,5049.379883
61.900,2.679,5147.089844
62.000,2.682,5158.729980
62.100,2.685,5053.640137
62.200,2.688,4989.020020
62.300,2.690,4916.819824
62.400,2.693,4860.500000
62.500,2.696,4830.899902
62.600,2.699,4785.319824
62.700,2.701,4719.040039
62.800,2.704,4719.399902
62.900,2.707,4808.939941
63.000,2.709,4866.200195
63.100,2.712,4818.120117
63.200,2.714,4771.080078
63.300,2.717,4797.000000
63.400,2.720,4788.259766
63.500,2.722,4795.939941
63.600,2.724,4821.500000
63.700,2.727,4833.750000
63.800,2.729,4857.750000
63.900,2.732,4854.500000
64.000,2.734,4863.450195
64.100,2.737,4914.750000
64.200,2.739,4941.899902
64.300,2.742,4972.200195
64.400,2.744,4983.250000
64.500,2.747,5007.600098
64.600,2.749,5036.700195
64.700,2.752,5062.049805
64.800,2.754,5089.000000
64.900,2.757,5096.649902
65.000,2.760,5096.100098
65.100,2.762,5066.839844
65.200,2.765,5096.479980
65.300,2.767,5157.160156
65.400,2.770,5183.560059
65.500,2.772,5280.439941
65.600,2.775,5375.200195
65.700,2.778,5445.160156
65.800,2.780,5532.399902
65.900,2.783,5615.640137
66.000,2.786,5703.680176
66.100,2.789,5799.359863
66.200,2.792,5874.439941
66.300,2.794,5926.319824
66.400,2.797,5982.839844
66.500,2.800,6040.220215
66.600,2.803,6140.660156
66.700,2.806,6215.370117
66.800,2.809,6238.439941
66.900,2.813,6367.080078
67.000,2.816,6433.209961
67.100,2.819,6227.129883
67.200,2.822,5830.169922
67.300,2.826,5159.779785
67.400,2.829,4711.220215
67.500,2.832,4869.569824
67.600,2.836,4846.830078
67.700,2.839,4923.959961
67.800,2.842,4971.879883
67.900,2.846,5008.520020
68.000,2.849,5063.479980
68.100,2.853,5105.379883
68.200,2.856,5164.120117
68.300,2.860,5216.100098
68.400,2.864,5253.859863
68.500,2.867,5314.600098
68.600,2.871,5350.060059
68.700,2.875,5401.040039
68.800,2.878,5444.979980
68.900,2.882,5483.299805
69.000,2.886,5548.720215
69.100,2.890,5589.520020
69.200,2.894,5621.560059
69.300,2.898,5689.979980
69.400,2.902,5721.180176
69.500,2.906,5743.850098
69.600,2.910,5823.520020
69.700,2.914,5869.279785
69.800,2.918,5885.890137
69.900,2.922,5927.600098
70.000,2.926,5975.709961
70.100,2.931,6003.430176
70.200,2.935,6045.700195
70.300,2.939,6096.839844
70.400,2.943,5906.819824
70.500,2.948,5762.649902
70.600,2.952,5825.890137
70.700,2.956,5607.000000
70.800,2.961,5511.879883
70.900,2.965,5285.399902
71.000,2.969,5167.000000
71.100,2.974,5115.399902
71.200,2.978,4950.000000
71.300,2.982,4882.399902
71.400,2.986,4871.600098
71.500,2.990,4732.000000
71.600,2.994,4576.399902
71.700,2.997,4570.000000
71.800,3.001,4465.399902
71.900,3.005,4404.399902
72.000,3.008,4488.600098
72.100,3.012,4336.200195
72.200,3.015,4255.399902
72.300,3.018,4199.399902
72.400,3.022,4115.879883
72.500,3.025,4100.080078
72.600,3.028,4099.770020
72.700,3.031,4110.399902
72.800,3.035,4077.810059
72.900,3.038,4086.060059
73.000,3.041,4169.700195
73.100,3.044,4229.890137
73.200,3.047,4182.450195
73.300,3.050,4174.109863
73.400,3.053,4187.620117
73.500,3.055,4160.830078
73.600,3.058,4167.580078
73.700,3.061,4182.560059
73.800,3.064,4196.399902
73.900,3.067,4229.439941
74.000,3.070,4253.000000
74.100,3.073,4257.560059
74.200,3.076,4278.299805
74.300,3.079,4282.140137
74.400,3.082,4267.819824
74.500,3.085,4285.919922
74.600,3.088,4282.080078
74.700,3.092,4326.959961
74.800,3.095,4337.259766
74.900,3.098,4307.740234
75.000,3.101,4356.640137
75.100,3.104,4368.240234
75.200,3.107,4501.040039
75.300,3.110,4509.169922
75.400,3.113,4427.870117
75.500,3.116,4477.390137
75.600,3.119,4495.899902
75.700,3.122,4486.250000
75.800,3.125,4543.069824
75.900,3.128,4665.169922
76.000,3.131,4705.160156
76.100,3.134,4625.330078
76.200,3.137,4748.660156
76.300,3.140,4869.450195
76.400,3.143,4734.000000
76.500,3.147,4815.770020
76.600,3.150,4933.910156
76.700,3.153,4886.529785
76.800,3.156,4883.560059
76.900,3.160,4931.720215
77.000,3.163,4959.240234
77.100,3.166,5001.560059
77.200,3.170,5095.000000
77.300,3.173,5096.799805
77.400,3.177,5120.160156
77.500,3.180,5197.759766
77.600,3.184,5261.560059
77.700,3.188,5301.680176
77.800,3.191,5381.520020
77.900,3.195,5362.479980
78.000,3.199,5424.000000
78.100,3.203,5474.720215
78.200,3.206,5517.100098
78.300,3.210,5578.450195
78.400,3.214,5642.100098
78.500,3.218,5635.350098
78.600,3.222,5710.049805
78.700,3.226,5781.100098
78.800,3.230,5831.750000
78.900,3.234,5845.100098
79.000,3.238,5893.250000
79.100,3.242,5921.549805
79.200,3.246,5958.450195
79.300,3.251,5984.700195
79.400,3.255,6049.500000
79.500,3.259,6086.600098
79.600,3.263,6096.200195
79.700,3.268,6137.560059
79.800,3.272,6157.259766
79.900,3.276,6224.500000
80.000,3.281,6258.000000
80.100,3.285,6279.779785
80.200,3.290,6278.060059
80.300,3.294,6319.720215
80.400,3.299,6363.419922
80.500,3.303,6438.000000
80.600,3.308,6432.220215
80.700,3.312,6445.140137
80.800,3.317,6513.419922
80.900,3.321,6385.339844
81.000,3.326,6127.399902
81.100,3.331,6297.020020
81.200,3.335,6199.620117
81.300,3.340,5701.410156
81.400,3.345,5317.339844
81.500,3.349,5266.490234
81.600,3.354,5238.970215
81.700,3.359,5125.850098
81.800,3.363,5154.350098
81.900,3.367,4996.229980
82.000,3.371,4748.000000
82.100,3.375,4833.160156
82.200,3.379,4701.660156
82.300,3.383,4819.149902
82.400,3.387,5235.549805
82.500,3.391,5383.750000
82.600,3.394,5567.560059
82.700,3.398,5682.759766
82.800,3.401,5489.080078
82.900,3.405,5190.560059
83.000,3.408,5195.640137
83.100,3.411,5242.200195
83.200,3.414,5230.799805
83.300,3.417,5134.560059
83.400,3.420,5087.399902
83.500,3.423,5062.879883
83.600,3.426,4999.439941
83.700,3.428,4950.080078
83.800,3.431,4889.959961
83.900,3.434,4777.560059
84.000,3.437,4706.040039
84.100,3.439,4678.319824
84.200,3.442,4643.500000
84.300,3.445,4590.709961
84.400,3.447,4539.149902
84.500,3.450,4535.770020
84.600,3.452,4604.319824
84.700,3.455,4612.459961
84.800,3.457,4518.450195
84.900,3.459,4430.370117
85.000,3.462,4221.850098
85.100,3.464,4217.609863
85.200,3.467,4316.680176
85.300,3.469,4319.879883
85.400,3.471,4315.000000
85.500,3.474,4358.799805
85.600,3.476,4291.899902
85.700,3.478,4294.299805
85.800,3.480,4333.200195
85.900,3.483,4299.600098
86.000,3.485,4294.399902
86.100,3.487,4299.799805
86.200,3.489,4253.799805
86.300,3.492,4315.600098
86.400,3.494,4360.399902
86.500,3.496,4397.399902
86.600,3.498,4441.899902
86.700,3.501,4476.799805
86.800,3.503,4531.899902
86.900,3.505,4580.000000
87.000,3.507,4685.200195
87.100,3.510,4610.439941
87.200,3.512,4663.259766
87.300,3.514,4734.060059
87.400,3.517,4765.169922
87.500,3.519,4867.750000
87.600,3.521,4981.270020
87.700,3.524,5003.430176
87.800,3.526,5106.049805
87.900,3.529,5097.740234
88.000,3.531,5189.819824
88.100,3.534,5231.000000
88.200,3.536,5289.000000
88.300,3.539,5462.609863
88.400,3.542,5558.759766
88.500,3.544,5616.240234
88.600,3.547,5678.919922
88.700,3.550,5749.600098
88.800,3.553,5719.640137
88.900,3.556,5851.279785
89.000,3.558,5904.799805
89.100,3.561,5958.640137
89.200,3.564,6005.600098
89.300,3.567,6084.839844
89.400,3.570,6170.479980
89.500,3.573,6211.479980
89.600,3.576,6288.879883
89.700,3.580,6444.479980
89.800,3.583,6387.160156
89.900,3.586,5943.459961
90.000,3.589,5528.330078
90.100,3.593,4933.689941
90.200,3.596,4820.279785
90.300,3.599,4998.689941
90.400,3.603,4981.600098
90.500,3.606,5082.120117
90.600,3.609,5145.240234
90.700,3.613,5054.169922
90.800,3.616,5166.850098
90.900,3.620,5136.970215
91.000,3.623,5177.669922
91.100,3.627,5264.379883
91.200,3.631,5261.620117
91.300,3.634,5327.830078
91.400,3.638,5446.379883
91.500,3.642,5336.859863
91.600,3.645,5443.700195
91.700,3.649,5390.759766
91.800,3.653,5112.799805
91.900,3.657,5255.779785
92.000,3.661,5071.439941
92.100,3.665,4999.399902
92.200,3.669,4780.740234
92.300,3.673,4678.439941
92.400,3.676,4602.339844
92.500,3.680,4584.560059
92.600,3.684,4483.279785
92.700,3.688,4328.259766
92.800,3.691,4086.000000
92.900,3.694,3850.000000
93.000,3.698,3690.750000
93.100,3.701,3821.250000
93.200,3.704,3937.000000
93.300,3.708,3842.250000
93.400,3.711,3844.500000
93.500,3.714,3741.750000
93.600,3.717,3674.500000
93.700,3.720,3609.250000
93.800,3.722,3560.500000
93.900,3.725,3577.000000
94.000,3.728,3565.750000
94.100,3.731,3573.750000
94.200,3.734,3532.500000
94.300,3.736,3510.840088
94.400,3.739,3479.959961
94.500,3.741,3456.800049
94.600,3.744,3449.840088
94.700,3.747,3495.679932
94.800,3.749,3499.040039
94.900,3.752,3534.040039
95.000,3.754,3492.479980
95.100,3.757,3550.280029
95.200,3.759,3551.120117
95.300,3.762,3583.080078
95.400,3.764,3655.159912
95.500,3.767,3679.520020
95.600,3.769,3739.320068
95.700,3.772,3763.800049
95.800,3.774,3802.370117
95.900,3.777,3830.800049
96.000,3.780,3887.350098
96.100,3.782,3936.489990
96.200,3.785,4000.179932
96.300,3.788,4064.110107
96.400,3.791,4126.629883
96.500,3.793,4200.270020
96.600,3.796,4247.660156
96.700,3.799,4296.560059
96.800,3.802,4354.759766
96.900,3.805,4375.270020
97.000,3.808,4430.479980
97.100,3.811,4488.080078
97.200,3.814,4498.419922
97.300,3.817,4547.979980
97.400,3.820,4579.859863
97.500,3.823,4662.060059
97.600,3.827,4649.140137
97.700,3.830,4674.919922
97.800,3.833,4683.799805
97.900,3.836,4724.959961
98.000,3.839,4639.379883
98.100,3.843,4712.660156
98.200,3.846,4774.459961
98.300,3.849,4872.959961
98.400,3.853,4962.799805
98.500,3.856,4924.640137
98.600,3.859,4868.479980
98.700,3.863,5049.740234
98.800,3.866,5033.870117
98.900,3.869,5003.129883
99.000,3.873,5054.240234
99.100,3.876,5090.259766
99.200,3.880,5111.379883
99.300,3.883,5181.609863
99.400,3.887,5217.569824
99.500,3.891,5242.129883
99.600,3.894,5312.350098
99.700,3.898,5407.240234
99.800,3.902,5384.000000
99.900,3.905,5464.259766
100.000,3.909,5510.790039
100.100,3.913,5646.399902
100.200,3.917,5585.600098
100.300,3.921,5682.600098
100.400,3.925,5676.200195
100.500,3.928,5737.000000
100.600,3.932,5732.799805
100.700,3.936,5738.799805
100.800,3.940,5819.799805
100.900,3.945,5793.600098
101.000,3.949,5895.799805
101.100,3.953,6033.000000
101.200,3.957,5906.600098
101.300,3.961,6012.200195
101.400,3.965,6039.000000
101.500,3.970,6137.600098
101.600,3.974,6266.009766
101.700,3.978,6113.220215
101.800,3.982,6236.020020
101.900,3.987,6287.750000
102.000,3.991,6308.000000
102.100,3.996,6332.700195
102.200,4.000,6399.049805
102.278,4.003,6239.149902
